month,Cow,Pen,Cow_amount,DM_Qty,Days in month,Feed_head_day, Moisture, Dry_Matter, pH, CP, ADF, aNDF, Lignin, Starch, ESC(Sugar), WSC(Sugar), EE(Fat), TFA(Fat), Ash,C%,OM
1,dairy,F1,23,43950,31,61.64095372,30.46114583,69.5384375,4.101527778,22.88489583,17.30979167,27.536875,5.456875,28.9696875,1.404861111,2.122291667,3.877916667,2.481388889,5.570972222,33.975,68.125
1,dairy,F3,45,85378,31,61.20286738,30.46114583,69.5384375,4.101527778,22.88489583,17.30979167,27.536875,5.456875,28.9696875,1.404861111,2.122291667,3.877916667,2.481388889,5.570972222,33.975,68.125
1,dairy,F4,25,50649,31,65.35354839,30.46114583,69.5384375,4.101527778,22.88489583,17.30979167,27.536875,5.456875,28.9696875,1.404861111,2.122291667,3.877916667,2.481388889,5.570972222,33.975,68.125
1,dairy,F5,48,86056,31,57.83333333,30.46114583,69.5384375,4.101527778,22.88489583,17.30979167,27.536875,5.456875,28.9696875,1.404861111,2.122291667,3.877916667,2.481388889,5.570972222,33.975,68.125
1,dairy,F7,49,100251,31,65.99802502,30.46114583,69.5384375,4.101527778,22.88489583,17.30979167,27.536875,5.456875,28.9696875,1.404861111,2.122291667,3.877916667,2.481388889,5.570972222,33.975,68.125
1,dairy,G13,20,13124,31,21.16774194,29.3705,70.6295,4.731527778,19.96183333,28.6936875,39.2603125,5.304583333,15.0246875,1.037861111,2.314583334,3.796875,1.907083334,7.78861111,34.7,56.5
1,dairy,G14,22,14191,31,20.80791789,29.3705,70.6295,4.731527778,20.16183333,28.6936875,39.2603125,5.304583333,15.0246875,1.037861111,2.314583334,3.796875,1.907083334,7.78861111,34.7,56.5
1,dairy,G15,23,36800,31,51.61290323,30.46114583,69.5384375,4.101527778,22.88489583,17.30979167,27.536875,5.456875,28.9696875,1.404861111,2.122291667,3.877916667,2.481388889,5.570972222,33.975,68.125
2,dairy,F1,22,35823,28,58.15422078,25.66988095,74.32964286,4.101527778,22.15416667,17.57175,25.04425,5.456875,28.9696875,1.404861111,2.122291667,3.877916667,2.481388889,5.885166666,33.11428571,65.14285714
2,dairy,F3,45,79053,28,62.74047619,25.66988095,74.32964286,4.101527778,22.15416667,17.57175,25.04425,5.456875,28.9696875,1.404861111,2.122291667,3.877916667,2.481388889,5.885166666,33.11428571,65.14285714
2,dairy,F4,24,43200,28,64.28571429,25.66988095,74.32964286,4.101527778,22.15416667,17.57175,25.04425,5.456875,28.9696875,1.404861111,2.122291667,3.877916667,2.481388889,5.885166666,33.11428571,65.14285714
2,dairy,F5,48,78728,28,58.57738095,25.66988095,74.32964286,4.101527778,22.15416667,17.57175,25.04425,5.456875,28.9696875,1.404861111,2.122291667,3.877916667,2.481388889,5.885166666,33.11428571,65.14285714
2,dairy,F7,47,83167,28,63.19680851,25.66988095,74.32964286,4.101527778,22.15416667,17.57175,25.04425,5.456875,28.9696875,1.404861111,2.122291667,3.877916667,2.481388889,5.885166666,33.11428571,65.14285714
2,dairy,G13,18,7062,28,14.01190476,34.213125,65.786875,4.731527778,7.902291668,38.25625,52.34041667,5.304583333,14.36625,1.552291667,2.314583334,3.796875,1.907083334,7.78861111,32.125,46.25
2,dairy,G14,20,11059,28,19.74821429,34.213125,65.786875,4.731527778,7.902291668,38.25625,52.34041667,5.304583333,14.36625,1.552291667,2.314583334,3.796875,1.907083334,7.78861111,32.125,46.25
2,dairy,G15,34,51314,28,53.9012605,25.66988095,74.32964286,4.101527778,22.15416667,17.57175,25.04425,5.456875,28.9696875,1.404861111,2.122291667,3.877916667,2.481388889,5.885166666,33.11428571,65.14285714
3,dairy,F1,21,43703,31,67.13210445,25.66988095,74.32964286,4.101527778,22.15416667,17.57175,25.04425,5.456875,28.9696875,1.404861111,2.122291667,3.877916667,2.481388889,5.885166666,33.11428571,65.14285714
3,dairy,F3,46,90372,31,63.37447405,25.66988095,74.32964286,4.101527778,22.15416667,17.57175,25.04425,5.456875,28.9696875,1.404861111,2.122291667,3.877916667,2.481388889,5.885166666,33.11428571,65.14285714
3,dairy,F4,22,44864,31,65.7829912,25.66988095,74.32964286,4.101527778,22.15416667,17.57175,25.04425,5.456875,28.9696875,1.404861111,2.122291667,3.877916667,2.481388889,5.885166666,33.11428571,65.14285714
3,dairy,F5,49,87186,31,57.39697169,25.66988095,74.32964286,4.101527778,22.15416667,17.57175,25.04425,5.456875,28.9696875,1.404861111,2.122291667,3.877916667,2.481388889,5.885166666,33.11428571,65.14285714
3,dairy,F7,48,99476,31,66.85215054,25.66988095,74.32964286,4.101527778,22.15416667,17.57175,25.04425,5.456875,28.9696875,1.404861111,2.122291667,3.877916667,2.481388889,5.885166666,33.11428571,65.14285714
3,dairy,G13,15,8958,31,19.26451613,34.213125,65.786875,4.731527778,7.902291668,38.25625,52.34041667,5.304583333,14.36625,1.552291667,2.314583334,3.796875,1.907083334,7.78861111,32.125,46.25
3,dairy,G14,20,14167,31,22.85,34.213125,65.786875,4.731527778,7.902291668,38.25625,52.34041667,5.304583333,14.36625,1.552291667,2.314583334,3.796875,1.907083334,7.78861111,32.125,46.25
3,dairy,G15,33,52043,31,50.87292278,25.66988095,74.32964286,4.101527778,22.15416667,17.57175,25.04425,5.456875,28.9696875,1.404861111,2.122291667,3.877916667,2.481388889,5.885166666,33.11428571,65.14285714
4,dairy,F1,32,58259,30,60.68645833,25.66988095,74.32964286,4.101527778,22.15416667,17.57175,25.04425,5.456875,28.9696875,1.404861111,2.122291667,3.877916667,2.481388889,5.885166666,33.11428571,65.14285714
4,dairy,F3,46,85086,30,61.65652174,25.66988095,74.32964286,4.101527778,22.15416667,17.57175,25.04425,5.456875,28.9696875,1.404861111,2.122291667,3.877916667,2.481388889,5.885166666,33.11428571,65.14285714
4,dairy,F4,23,27452,30,39.78550725,25.66988095,74.32964286,4.101527778,22.15416667,17.57175,25.04425,5.456875,28.9696875,1.404861111,2.122291667,3.877916667,2.481388889,5.885166666,33.11428571,65.14285714
4,dairy,F5,49,78115,30,53.13945578,25.66988095,74.32964286,4.101527778,22.15416667,17.57175,25.04425,5.456875,28.9696875,1.404861111,2.122291667,3.877916667,2.481388889,5.885166666,33.11428571,65.14285714
4,dairy,F7,49,88443,30,60.16530612,25.66988095,74.32964286,4.101527778,22.15416667,17.57175,25.04425,5.456875,28.9696875,1.404861111,2.122291667,3.877916667,2.481388889,5.885166666,33.11428571,65.14285714
4,dairy,G13,18,9962,30,18.44814815,34.213125,65.786875,4.731527778,7.902291668,38.25625,52.34041667,5.304583333,14.36625,1.552291667,2.314583334,3.796875,1.907083334,7.78861111,32.125,46.25
4,dairy,G14,20,14445,30,24.075,34.213125,65.786875,4.731527778,7.902291668,38.25625,52.34041667,5.304583333,14.36625,1.552291667,2.314583334,3.796875,1.907083334,7.78861111,32.125,46.25
4,dairy,G15,20,26842,30,44.73666667,25.66988095,74.32964286,4.101527778,22.15416667,17.57175,25.04425,5.456875,28.9696875,1.404861111,2.122291667,3.877916667,2.481388889,5.885166666,33.11428571,65.14285714
4,dairy,G16,21,10742,30,17.05079365,34.213125,65.786875,4.731527778,7.902291668,38.25625,52.34041667,5.304583333,14.36625,1.552291667,2.314583334,3.796875,1.907083334,7.78861111,32.125,46.25
5,dairy,F1,48,91007,31,61.16061828,33.58614583,66.4134375,4.011145833,20.27614583,18.66479167,27.17354167,4.507916667,23.52175,1.268645833,9.113833333,3.8384375,2.438541667,5.669305555,33.975,68.125
5,dairy,F3,48,94416,31,63.4516129,33.58614583,66.4134375,4.011145833,20.27614583,18.66479167,27.17354167,4.507916667,23.52175,1.268645833,9.113833333,3.8384375,2.438541667,5.669305555,33.975,68.125
5,dairy,F5,49,85495,31,56.2837393,33.58614583,66.4134375,4.011145833,20.27614583,18.66479167,27.17354167,4.507916667,23.52175,1.268645833,9.113833333,3.8384375,2.438541667,5.669305555,33.975,68.125
5,dairy,F7,49,100014,31,65.84200132,33.58614583,66.4134375,4.011145833,20.27614583,18.66479167,27.17354167,4.507916667,23.52175,1.268645833,9.113833333,3.8384375,2.438541667,5.669305555,33.975,68.125
5,dairy,G13,13,5203,31,12.91066998,34.213125,65.786875,4.731527778,7.902291668,38.25625,52.34041667,5.304583333,14.36625,1.552291667,2.314583334,3.796875,1.907083334,7.78861111,32.125,46.25
5,dairy,G14,20,6531,31,10.53387097,34.213125,65.786875,4.731527778,7.902291668,38.25625,52.34041667,5.304583333,14.36625,1.552291667,2.314583334,3.796875,1.907083334,7.78861111,32.125,46.25
5,dairy,G15,20,28464,31,45.90967742,33.58614583,66.4134375,4.011145833,20.27614583,18.66479167,27.17354167,4.507916667,23.52175,1.268645833,9.113833333,3.8384375,2.438541667,5.669305555,33.975,68.125
5,dairy,G16,21,10685,31,16.41321045,34.213125,65.786875,4.731527778,7.902291668,38.25625,52.34041667,5.304583333,14.36625,1.552291667,2.314583334,3.796875,1.907083334,7.78861111,32.125,46.25
6,dairy,F1,48,89679,30,62.27708333,37.40990741,62.58972222,4.011145833,19.02324074,21.42696429,31.72017857,4.507916667,23.52175,1.268645833,9.113833333,3.8384375,2.438541667,5.716547619,34.64444444,70
6,dairy,F3,47,87912,30,62.34893617,37.40990741,62.58972222,4.011145833,19.02324074,21.42696429,31.72017857,4.507916667,23.52175,1.268645833,9.113833333,3.8384375,2.438541667,5.716547619,34.64444444,70
6,dairy,F5,47,82920,30,58.80851064,32.40990741,67.58972222,4.011145833,18.66768519,18.46982143,27.59160714,4.507916667,23.75145833,1.268645833,9.113833333,3.8384375,2.438541667,6.559404761,35.2,70
6,dairy,F7,47,91589,30,64.95673759,32.40990741,67.58972222,4.011145833,18.66768519,18.46982143,27.59160714,4.507916667,23.75145833,1.268645833,9.113833333,3.8384375,2.438541667,6.559404761,35.2,70
6,dairy,G13,23,2705,30,3.920289855,34.213125,65.786875,4.731527778,7.902291668,38.25625,52.34041667,5.304583333,14.36625,1.552291667,2.314583334,3.796875,1.907083334,7.78861111,32.125,46.25
6,dairy,G14,20,4513,30,7.521666667,40.9705,59.0295,4.731527778,8.121833334,38.1921875,54.0053125,5.304583333,14.36625,1.552291667,2.314583334,3.796875,1.907083334,7.341458333,33.7,54
6,dairy,G15,20,27783,30,46.305,37.40990741,62.58972222,4.011145833,19.02324074,21.42696429,31.72017857,4.507916667,23.52175,1.268645833,9.113833333,3.8384375,2.438541667,5.716547619,34.64444444,70
7,dairy,F1,47,77870,31,53.44543583,37.40990741,62.58972222,4.011145833,19.02324074,21.42696429,31.72017857,4.507916667,23.52175,1.268645833,9.113833333,3.8384375,2.438541667,5.716547619,34.64444444,70
7,dairy,F3,46,89115,31,62.49298738,37.40990741,62.58972222,4.011145833,19.02324074,21.42696429,31.72017857,4.507916667,23.52175,1.268645833,9.113833333,3.8384375,2.438541667,5.716547619,34.64444444,70
7,dairy,F5,49,82317,31,54.1915734,32.40990741,67.58972222,4.011145833,18.66768519,18.46982143,27.59160714,4.507916667,23.75145833,1.268645833,9.113833333,3.8384375,2.438541667,6.559404761,35.2,70
7,dairy,F7,47,88868,31,60.99382292,32.40990741,67.58972222,4.011145833,18.66768519,18.46982143,27.59160714,4.507916667,23.75145833,1.268645833,9.113833333,3.8384375,2.438541667,6.559404761,35.2,70
7,dairy,G13,31,3515,31,3.657648283,34.213125,65.786875,4.731527778,7.902291668,38.25625,52.34041667,5.304583333,14.36625,1.552291667,2.314583334,3.796875,1.907083334,7.78861111,32.125,46.25
7,dairy,G14,20,9982,31,16.1,40.9705,59.0295,4.731527778,8.121833334,38.1921875,54.0053125,5.304583333,14.36625,1.552291667,2.314583334,3.796875,1.907083334,7.341458333,33.7,54
7,dairy,G15,20,25502,31,41.13225806,37.40990741,62.58972222,4.011145833,19.02324074,21.42696429,31.72017857,4.507916667,23.52175,1.268645833,9.113833333,3.8384375,2.438541667,5.716547619,34.64444444,70
8,dairy,F1,47,86788,31,59.56623198,37.40990741,62.58972222,4.011145833,19.02324074,21.42696429,31.72017857,4.507916667,23.52175,1.268645833,9.113833333,3.8384375,2.438541667,5.716547619,34.64444444,70
8,dairy,F3,47,90206,31,61.91214825,37.40990741,62.58972222,4.011145833,19.02324074,21.42696429,31.72017857,4.507916667,23.52175,1.268645833,9.113833333,3.8384375,2.438541667,5.716547619,34.64444444,70
8,dairy,F5,49,79345,31,52.23502304,32.40990741,67.58972222,4.011145833,18.66768519,18.46982143,27.59160714,4.507916667,23.75145833,1.268645833,9.113833333,3.8384375,2.438541667,6.559404761,35.2,70
8,dairy,F7,48,91993,31,61.82325269,32.40990741,67.58972222,4.011145833,18.66768519,18.46982143,27.59160714,4.507916667,23.75145833,1.268645833,9.113833333,3.8384375,2.438541667,6.559404761,35.2,70
8,dairy,G13,37,7150,31,6.233653008,27.96891667,72.03075,4.448916667,16.52091667,24.14125,34.86303571,4.6309375,20.268125,1.268645833,9.113833333,3.8384375,2.438541667,6.045119047,31.98,60.5
8,dairy,G15,20,27211,31,43.88870968,37.40990741,62.58972222,4.011145833,19.02324074,21.42696429,31.72017857,4.507916667,23.52175,1.268645833,9.113833333,3.8384375,2.438541667,5.716547619,34.64444444,70
9,dairy,F1,46,82240,30,59.5942029,37.40990741,62.58972222,4.011145833,19.02324074,21.42696429,31.72017857,4.507916667,23.52175,1.268645833,9.113833333,3.8384375,2.438541667,5.716547619,34.64444444,70
9,dairy,F3,48,94154,30,65.38472222,37.40990741,62.58972222,4.011145833,19.02324074,21.42696429,31.72017857,4.507916667,23.52175,1.268645833,9.113833333,3.8384375,2.438541667,5.716547619,34.64444444,70
9,dairy,F5,47,79874,30,56.64822695,33.58614583,66.4134375,4.011145833,20.27614583,18.66479167,27.17354167,4.507916667,23.52175,1.268645833,9.113833333,3.8384375,2.438541667,5.669305555,33.975,68.125
9,dairy,F7,44,91015,30,68.95075758,33.58614583,66.4134375,4.011145833,20.27614583,18.66479167,27.17354167,4.507916667,23.52175,1.268645833,9.113833333,3.8384375,2.438541667,5.669305555,33.975,68.125
9,dairy,G13,32,50389,30,52.48854167,33.58614583,66.4134375,4.011145833,20.27614583,18.66479167,27.17354167,4.507916667,23.52175,1.268645833,9.113833333,3.8384375,2.438541667,5.669305555,33.975,68.125
9,dairy,G15,21,30925,30,49.08730159,33.58614583,66.4134375,4.011145833,20.27614583,18.66479167,27.17354167,4.507916667,23.52175,1.268645833,9.113833333,3.8384375,2.438541667,5.669305555,33.975,68.125
10,dairy,F1,47,87193,31,59.84420041,38.09845238,61.90107143,4.011145833,17.45845238,18.66479167,27.17354167,4.507916667,23.52175,1.268645833,9.113833333,3.8384375,2.438541667,5.669305555,35.97142857,65.71428571
10,dairy,F3,47,98258,31,67.43857241,38.09845238,61.90107143,4.011145833,17.45845238,18.66479167,27.17354167,4.507916667,23.52175,1.268645833,9.113833333,3.8384375,2.438541667,5.669305555,35.97142857,65.71428571
10,dairy,F5,47,86121,31,59.108442,38.09845238,61.90107143,4.011145833,17.45845238,18.66479167,27.17354167,4.507916667,23.52175,1.268645833,9.113833333,3.8384375,2.438541667,5.669305555,35.97142857,65.71428571
10,dairy,F7,48,104629,31,70.31518817,38.09845238,61.90107143,4.011145833,17.45845238,18.66479167,27.17354167,4.507916667,23.52175,1.268645833,9.113833333,3.8384375,2.438541667,5.669305555,35.97142857,65.71428571
10,dairy,G13,32,60271,31,60.75705645,38.09845238,61.90107143,4.011145833,17.45845238,18.66479167,27.17354167,4.507916667,23.52175,1.268645833,9.113833333,3.8384375,2.438541667,5.669305555,35.97142857,65.71428571
10,dairy,G15,20,33695,31,54.34677419,38.09845238,61.90107143,4.011145833,17.45845238,18.66479167,27.17354167,4.507916667,23.52175,1.268645833,9.113833333,3.8384375,2.438541667,5.669305555,35.97142857,65.71428571
11,dairy,F1,44,79615,30,60.31439394,34.83614583,65.1634375,4.011145833,20.27614583,17.56982143,25.43446429,4.507916667,23.52175,1.268645833,9.113833333,3.8384375,2.438541667,5.573690476,36.325,68.125
11,dairy,F3,47,93712,30,66.46241135,34.83614583,65.1634375,4.011145833,20.27614583,17.56982143,25.43446429,4.507916667,23.52175,1.268645833,9.113833333,3.8384375,2.438541667,5.573690476,36.325,68.125
11,dairy,F5,46,81838,30,59.30289855,34.83614583,65.1634375,4.011145833,20.27614583,17.56982143,25.43446429,4.507916667,23.52175,1.268645833,9.113833333,3.8384375,2.438541667,5.573690476,36.325,68.125
11,dairy,F7,46,92526,30,67.04782609,34.83614583,65.1634375,4.011145833,20.27614583,17.56982143,25.43446429,4.507916667,23.52175,1.268645833,9.113833333,3.8384375,2.438541667,5.573690476,36.325,68.125
11,dairy,G13,32,58331,30,60.76145833,34.83614583,65.1634375,4.011145833,20.27614583,17.56982143,25.43446429,4.507916667,23.52175,1.268645833,9.113833333,3.8384375,2.438541667,5.573690476,36.325,68.125
11,dairy,G15,25,38877,30,51.836,34.83614583,65.1634375,4.011145833,20.27614583,17.56982143,25.43446429,4.507916667,23.52175,1.268645833,9.113833333,3.8384375,2.438541667,5.573690476,36.325,68.125
12,dairy,F1,44,84560,31,61.9941349,29.61486111,70.38458333,4.101527778,19.17986111,17.57175,25.04425,5.456875,28.9696875,1.404861111,2.122291667,3.877916667,2.481388889,5.885166666,35.3,61.83333333
12,dairy,F3,49,100629,31,66.24687294,29.61486111,70.38458333,4.101527778,19.17986111,17.57175,25.04425,5.456875,28.9696875,1.404861111,2.122291667,3.877916667,2.481388889,5.885166666,35.3,61.83333333
12,dairy,F5,45,83115,31,59.58064516,29.61486111,70.38458333,4.101527778,19.17986111,17.57175,25.04425,5.456875,28.9696875,1.404861111,2.122291667,3.877916667,2.481388889,5.885166666,35.3,61.83333333
12,dairy,F7,45,87300,31,62.58064516,29.61486111,70.38458333,4.101527778,19.17986111,17.57175,25.04425,5.456875,28.9696875,1.404861111,2.122291667,3.877916667,2.481388889,5.885166666,35.3,61.83333333
12,dairy,G13,35,61332,31,56.52718894,29.61486111,70.38458333,4.101527778,19.17986111,17.57175,25.04425,5.456875,28.9696875,1.404861111,2.122291667,3.877916667,2.481388889,5.885166666,35.3,61.83333333
12,dairy,G15,27,40165,31,47.98685783,29.61486111,70.38458333,4.101527778,19.17986111,17.57175,25.04425,5.456875,28.9696875,1.404861111,2.122291667,3.877916667,2.481388889,5.885166666,35.3,61.83333333
12,dairy,mat pens,1,2345,31,75.64516129,45.28931325,54.66316675,3.34363875,16.29738425,19.692205,27.23800825,3.18118325,28.59094288,1.16225,1.8934005,3.1656715,1.9640615,5.74900375,40.59496,85
1,dry,H35,26,29531,31,36.63895782,35.46157407,64.53805556,4.097083333,18.69295455,13.89203125,23.03796875,3.56625,19.18791667,1.0315625,1.6705,2.16975,1.417,4.458214286,26.8,66.28181818
1,dry,K20,85,82761,31,31.40834915,37.38125,62.61875,3.990625,18.56892857,15.44104167,22.96395833,3.56625,8.7695,1.005416667,1.720625,1.7021875,0.86375,5.1695,27.24285714,56.3
2,dry,H35,26,26082,28,35.82692308,35.46157407,64.53805556,4.097083333,18.69295455,13.89203125,23.03796875,3.56625,19.18791667,1.0315625,1.6705,2.16975,1.417,4.458214286,26.8,66.28181818
2,dry,K20,80,70196,28,31.3375,37.38125,62.61875,3.990625,18.56892857,15.44104167,22.96395833,3.56625,8.7695,1.005416667,1.720625,1.7021875,0.86375,5.1695,27.24285714,56.3
3,dry,H35,21,24918,31,38.2764977,35.60866667,64.391,4.1340625,18.42083333,16.89513889,26.84291667,4.6971875,16.6275,1.25575,1.852083333,2.323541667,1.372083333,4.933125,28.19166667,67.84166667
3,dry,K20,71,69061,31,31.37710132,37.0275,62.9725,4.075416667,16.54555556,20.82078125,34.00828125,4.6971875,7.51875,1.2921875,1.9285,1.98025,0.9205,10.58642857,30.46666667,62.67777778
4,dry,H35,24,26610,30,36.95833333,32.81541667,67.18425,4.6228125,17.38520833,18.68180556,29.47819444,3.9246875,17.01821429,1.0315625,1.6705,2.16975,1.417,4.9384375,28.56666667,65.75833333
4,dry,K20,75,67929,30,30.19066667,37.04107143,62.95892857,3.990625,16.6853125,17.94946429,30.68339286,3.56625,8.7695,1.005416667,1.720625,1.7021875,0.86375,10.97458333,28.8375,59.8875
5,dry,H35,32,35542,31,35.82862903,32.81541667,67.18425,4.6228125,17.38520833,18.68180556,29.47819444,3.9246875,17.01821429,1.0315625,1.6705,2.16975,1.417,4.9384375,28.56666667,65.75833333
5,dry,K20,54,37744,31,22.54719235,33.5359375,66.4640625,4.727083333,15.16472222,22.83078125,36.97296875,3.9246875,7.974583333,1.005416667,1.720625,1.7021875,0.86375,10.5925,30.96666667,59.9
6,dry,H35,30,29546,30,32.82888889,32.81541667,67.18425,4.6228125,17.38520833,18.68180556,29.47819444,3.9246875,17.01821429,1.0315625,1.6705,2.16975,1.417,4.9384375,28.56666667,65.75833333
6,dry,K20,51,33308,30,21.76993464,33.5359375,66.4640625,4.727083333,15.16472222,22.83078125,36.97296875,3.9246875,7.974583333,1.005416667,1.720625,1.7021875,0.86375,10.5925,30.96666667,59.9
7,dry,H35,37,36797,31,32.08108108,36.01401515,63.98568182,4.6228125,16.74019231,20.613625,32.430375,3.9246875,17.01821429,1.0315625,1.6705,2.16975,1.417,5.056388889,29.44615385,67.23846154
7,dry,K20,52,38232,31,23.71712159,37.6609375,62.3390625,4.727083333,15.77583333,23.45578125,34.72296875,3.9246875,7.974583333,1.005416667,1.720625,1.7021875,0.86375,5.735357143,30.96666667,59.9
8,dry,H35,33,35959,31,35.15053763,36.01401515,63.98568182,4.6228125,16.74019231,20.613625,32.430375,3.9246875,17.01821429,1.0315625,1.6705,2.16975,1.417,5.056388889,29.44615385,67.23846154
8,dry,K20,61,49264,31,26.05182443,37.6609375,62.3390625,4.727083333,15.77583333,23.45578125,34.72296875,3.9246875,7.974583333,1.005416667,1.720625,1.7021875,0.86375,5.735357143,30.96666667,59.9
9,dry,H35,40,39260,30,32.71666667,36.01401515,63.98568182,4.6228125,16.74019231,20.613625,32.430375,3.9246875,17.01821429,1.0315625,1.6705,2.16975,1.417,5.056388889,29.44615385,67.23846154
9,dry,K20,50,43857,30,29.238,37.6609375,62.3390625,4.727083333,15.77583333,23.45578125,34.72296875,3.9246875,7.974583333,1.005416667,1.720625,1.7021875,0.86375,5.735357143,30.96666667,59.9
10,dry,H35,33,36706,31,35.88074291,36.23935185,63.76027778,4.6228125,15.32931818,18.68180556,29.47819444,3.9246875,17.01821429,1.0315625,1.6705,2.16975,1.417,4.9384375,29.34545455,64.00909091
10,dry,K20,46,38809,31,27.21528752,33.32678571,66.67321429,4.727083333,16.6228125,21.37803571,31.25482143,3.9246875,7.974583333,1.005416667,1.720625,1.7021875,0.86375,5.69125,29.8375,56.7625
11,dry,H35,38,43524,30,38.17894737,33.81541667,66.18425,4.6228125,17.38520833,17.913625,28.030375,3.9246875,17.01821429,1.0315625,1.6705,2.16975,1.417,4.945277778,30.13333333,65.75833333
11,dry,K20,45,34527,30,25.57555556,30.6609375,69.3390625,4.727083333,19.22027778,20.08078125,29.22296875,3.9246875,7.974583333,1.005416667,1.720625,1.7021875,0.86375,5.5925,30.83333333,59.9
12,dry,H35,38,43673,31,37.07385399,36.23935185,63.76027778,4.6228125,15.32931818,18.68180556,29.47819444,3.9246875,17.01821429,1.0315625,1.6705,2.16975,1.417,4.9384375,29.34545455,64.00909091
12,dry,K20,66,62824,31,30.70576735,33.32678571,66.67321429,4.727083333,16.6228125,21.37803571,31.25482143,3.9246875,7.974583333,1.005416667,1.720625,1.7021875,0.86375,5.69125,29.8375,56.7625
1,heifer,G11,15,4027,31,8.660215054,35.957,64.043,4.079861111,12.40733333,27.1721875,38.3259375,6.334583333,13.45458333,3.064270833,10.59729167,3.6715625,1.653888889,7.330833333,31,57.6
1,heifer,G12,20,8481,31,13.67903226,42.6175,57.3825,3.997291667,9.53638889,28.884375,38.010625,5.456875,19.549375,1.552291667,2.314583334,3.796875,1.907083334,7.532916665,26.83333333,41.66666667
1,heifer,G17,16,6975,31,14.0625,42.6175,57.3825,3.997291667,9.53638889,28.884375,38.010625,5.456875,19.549375,1.552291667,2.314583334,3.796875,1.907083334,7.532916665,26.83333333,41.66666667
1,heifer,G18,20,6944,31,11.2,35.957,64.043,4.079861111,12.40733333,27.1721875,38.3259375,6.334583333,13.45458333,3.064270833,10.59729167,3.6715625,1.653888889,7.330833333,31,57.6
1,heifer,H29,14,3221,31,7.421658986,34.213125,65.786875,4.731527778,7.902291668,38.25625,52.34041667,5.304583333,14.36625,1.552291667,2.314583334,3.796875,1.907083334,7.78861111,32.125,46.25
1,heifer,H30,13,5337,31,13.24317618,34.213125,65.786875,4.731527778,7.902291668,38.25625,52.34041667,5.304583333,14.36625,1.552291667,2.314583334,3.796875,1.907083334,7.78861111,32.125,46.25
1,heifer,H31,10,8211,31,26.48709677,35.46157407,64.53805556,4.097083333,18.69295455,13.89203125,23.03796875,3.56625,19.18791667,1.0315625,1.6705,2.16975,1.417,4.458214286,26.8,66.28181818
1,heifer,H32,12,5915,31,15.90053763,27.3705,72.6295,3.548645833,6.321833334,28.6921875,39.2553125,3.9784375,10.7746875,1.034861111,1.543055556,2.53125,1.271388889,5.841458333,25.7,37
1,heifer,H33,51,29131,31,18.42567995,27.3705,72.6295,3.548645833,6.321833334,28.6921875,39.2553125,3.9784375,10.7746875,1.034861111,1.543055556,2.53125,1.271388889,5.841458333,25.7,37
1,heifer,Super Hutch,9,3439,31,12.32616487,35.957,64.043,4.079861111,12.40733333,27.1721875,38.3259375,6.334583333,13.45458333,3.064270833,10.59729167,3.6715625,1.653888889,7.330833333,31,57.6
2,heifer,G11,15,3543,28,8.435714286,35.957,64.043,4.079861111,12.40733333,27.1721875,38.3259375,6.334583333,13.45458333,3.064270833,10.59729167,3.6715625,1.653888889,7.330833333,31,57.6
2,heifer,G12,17,5819,28,12.22478992,42.6175,57.3825,3.997291667,9.53638889,28.884375,38.010625,5.456875,19.549375,1.552291667,2.314583334,3.796875,1.907083334,7.532916665,26.83333333,41.66666667
2,heifer,G17,22,8190,28,13.29545455,42.6175,57.3825,3.997291667,9.53638889,28.884375,38.010625,5.456875,19.549375,1.552291667,2.314583334,3.796875,1.907083334,7.532916665,26.83333333,41.66666667
2,heifer,G18,17,5315,28,11.16596639,35.957,64.043,4.079861111,12.40733333,27.1721875,38.3259375,6.334583333,13.45458333,3.064270833,10.59729167,3.6715625,1.653888889,7.330833333,31,57.6
2,heifer,H29,14,5353,28,13.65561224,42.6175,57.3825,3.997291667,9.53638889,28.884375,38.010625,5.456875,19.549375,1.552291667,2.314583334,3.796875,1.907083334,7.532916665,26.83333333,41.66666667
2,heifer,H30,14,4900,28,12.5,27.3705,72.6295,3.548645833,6.321833334,28.6921875,39.2553125,3.9784375,10.7746875,1.034861111,1.543055556,2.53125,1.271388889,5.841458333,25.7,37
2,heifer,H31,9,7787,28,30.90079365,35.46157407,64.53805556,4.097083333,18.69295455,13.89203125,23.03796875,3.56625,19.18791667,1.0315625,1.6705,2.16975,1.417,4.458214286,26.8,66.28181818
2,heifer,H32,12,5168,28,15.38095238,27.3705,72.6295,3.548645833,6.321833334,28.6921875,39.2553125,3.9784375,10.7746875,1.034861111,1.543055556,2.53125,1.271388889,5.841458333,25.7,37
2,heifer,H33,46,23858,28,18.52329193,27.3705,72.6295,3.548645833,6.321833334,28.6921875,39.2553125,3.9784375,10.7746875,1.034861111,1.543055556,2.53125,1.271388889,5.841458333,25.7,37
2,heifer,Super Hutch,9,2004,28,7.952380952,35.957,64.043,4.079861111,12.40733333,27.1721875,38.3259375,6.334583333,13.45458333,3.064270833,10.59729167,3.6715625,1.653888889,7.330833333,31,57.6
3,heifer,G11,15,3956,31,8.507526882,35.957,64.043,4.079861111,12.40733333,27.1721875,38.3259375,6.334583333,13.45458333,3.064270833,10.59729167,3.6715625,1.653888889,7.330833333,31,57.6
3,heifer,G12,20,8561,31,13.80806452,42.6175,57.3825,3.997291667,9.53638889,28.884375,38.010625,5.456875,19.549375,1.552291667,2.314583334,3.796875,1.907083334,7.532916665,26.83333333,41.66666667
3,heifer,G17,21,9238,31,14.19047619,42.6175,57.3825,3.997291667,9.53638889,28.884375,38.010625,5.456875,19.549375,1.552291667,2.314583334,3.796875,1.907083334,7.532916665,26.83333333,41.66666667
3,heifer,G18,20,6827,31,11.01129032,35.957,64.043,4.079861111,12.40733333,27.1721875,38.3259375,6.334583333,13.45458333,3.064270833,10.59729167,3.6715625,1.653888889,7.330833333,31,57.6
3,heifer,H29,5,4372,31,28.20645161,32.96570513,67.03403846,4.499097222,16.36894444,22.06352273,32.79875,5.348958333,13.60097222,1.419930556,2.001309524,2.545535714,1.391309524,5.824083333,28.45333333,63.94
3,heifer,H30,13,5606,31,13.91066998,27.3705,72.6295,3.548645833,6.321833334,28.6921875,39.2553125,3.9784375,10.7746875,1.034861111,1.543055556,2.53125,1.271388889,5.841458333,25.7,37
3,heifer,H31,11,5123,31,15.02346041,30.12474359,69.875,3.791597222,15.34044444,18.34352273,27.59125,4.000625,13.46041667,1.061180556,1.60702381,2.10375,1.227380952,4.998333333,25.55333333,58.27333333
3,heifer,H32,11,5631,31,16.51319648,27.3705,72.6295,3.548645833,6.321833334,28.6921875,39.2553125,3.9784375,10.7746875,1.034861111,1.543055556,2.53125,1.271388889,5.841458333,25.7,37
3,heifer,H33,43,24316,31,18.24156039,27.3705,72.6295,3.548645833,6.321833334,28.6921875,39.2553125,3.9784375,10.7746875,1.034861111,1.543055556,2.53125,1.271388889,5.841458333,25.7,37
3,heifer,Super Hutch,24,4467,31,6.004032258,35.957,64.043,4.079861111,12.40733333,27.1721875,38.3259375,6.334583333,13.45458333,3.064270833,10.59729167,3.6715625,1.653888889,7.330833333,31,57.6
4,heifer,G11,15,3735,30,8.3,36.11958333,63.88041667,4.121145833,12.91069445,29.92175,42.11725,6.7734375,10.4071875,2.881916667,9.029833333,3.55575,1.527291667,7.516166666,33.5,62.16666667
4,heifer,G12,20,6522,30,10.87,36.11958333,63.88041667,4.121145833,12.91069445,29.92175,42.11725,6.7734375,10.4071875,2.881916667,9.029833333,3.55575,1.527291667,7.516166666,33.5,62.16666667
4,heifer,G17,20,7999,30,13.33166667,42.6175,57.3825,3.997291667,9.53638889,28.884375,38.010625,5.456875,19.549375,1.552291667,2.314583334,3.796875,1.907083334,7.532916665,26.83333333,41.66666667
4,heifer,G18,12,3707,30,10.29722222,36.11958333,63.88041667,4.121145833,12.91069445,29.92175,42.11725,6.7734375,10.4071875,2.881916667,9.029833333,3.55575,1.527291667,7.516166666,33.5,62.16666667
4,heifer,H29,12,4554,30,12.65,42.6175,57.3825,3.997291667,9.53638889,28.884375,38.010625,5.456875,19.549375,1.552291667,2.314583334,3.796875,1.907083334,7.532916665,26.83333333,41.66666667
4,heifer,H30,12,4564,30,12.67777778,34.213125,65.786875,4.731527778,7.902291668,38.25625,52.34041667,5.304583333,14.36625,1.552291667,2.314583334,3.796875,1.907083334,7.78861111,32.125,46.25
4,heifer,H31,12,4788,30,13.3,27.3705,72.6295,3.548645833,6.321833334,28.6921875,39.2553125,3.9784375,10.7746875,1.034861111,1.543055556,2.53125,1.271388889,5.841458333,25.7,37
4,heifer,H32,12,5555,30,15.43055556,27.3705,72.6295,3.548645833,6.321833334,28.6921875,39.2553125,3.9784375,10.7746875,1.034861111,1.543055556,2.53125,1.271388889,5.841458333,25.7,37
4,heifer,H33,39,20404,30,17.43931624,27.3705,72.6295,3.548645833,6.321833334,28.6921875,39.2553125,3.9784375,10.7746875,1.034861111,1.543055556,2.53125,1.271388889,5.841458333,25.7,37
4,heifer,Super Hutch,30,4024,30,4.471111111,36.11958333,63.88041667,4.121145833,12.91069445,29.92175,42.11725,6.7734375,10.4071875,2.881916667,9.029833333,3.55575,1.527291667,7.516166666,33.5,62.16666667
5,heifer,G11,15,4372,31,9.402150538,35.957,64.043,4.079861111,12.40733333,27.1721875,38.3259375,6.334583333,13.45458333,3.064270833,10.59729167,3.6715625,1.653888889,7.330833333,31,57.6
5,heifer,G12,20,7260,31,11.70967742,42.6175,57.3825,3.997291667,9.53638889,28.884375,38.010625,5.456875,19.549375,1.552291667,2.314583334,3.796875,1.907083334,7.532916665,26.83333333,41.66666667
5,heifer,G17,20,3640,31,5.870967742,42.6175,57.3825,3.997291667,9.53638889,28.884375,38.010625,5.456875,19.549375,1.552291667,2.314583334,3.796875,1.907083334,7.532916665,26.83333333,41.66666667
5,heifer,G18,17,5695,31,10.80645161,35.957,64.043,4.079861111,12.40733333,27.1721875,38.3259375,6.334583333,13.45458333,3.064270833,10.59729167,3.6715625,1.653888889,7.330833333,31,57.6
5,heifer,H29,12,4935,31,13.26612903,42.6175,57.3825,3.997291667,9.53638889,28.884375,38.010625,5.456875,19.549375,1.552291667,2.314583334,3.796875,1.907083334,7.532916665,26.83333333,41.66666667
5,heifer,H30,12,4986,31,13.40322581,42.6175,57.3825,3.997291667,9.53638889,28.884375,38.010625,5.456875,19.549375,1.552291667,2.314583334,3.796875,1.907083334,7.532916665,26.83333333,41.66666667
5,heifer,H31,8,3194,31,12.87903226,34.213125,65.786875,4.731527778,7.902291668,38.25625,52.34041667,5.304583333,14.36625,1.552291667,2.314583334,3.796875,1.907083334,7.78861111,32.125,46.25
5,heifer,H32,12,6128,31,16.47311828,27.3705,72.6295,3.548645833,6.321833334,28.6921875,39.2553125,3.9784375,10.7746875,1.034861111,1.543055556,2.53125,1.271388889,5.841458333,25.7,37
5,heifer,H33,45,25657,31,18.3921147,27.3705,72.6295,3.548645833,6.321833334,28.6921875,39.2553125,3.9784375,10.7746875,1.034861111,1.543055556,2.53125,1.271388889,5.841458333,25.7,37
5,heifer,Super Hutch,19,2593,31,4.40237691,35.957,64.043,4.079861111,12.40733333,27.1721875,38.3259375,6.334583333,13.45458333,3.064270833,10.59729167,3.6715625,1.653888889,7.330833333,31,57.6
6,heifer,G11,13,3387,30,8.684615385,35.713125,64.286875,3.997291667,11.65229167,22.58958333,32.00708333,5.456875,19.549375,3.368194444,13.20972222,3.864583333,1.907083334,7.021944443,26.83333333,50.75
6,heifer,G12,14,5577,30,13.27857143,35.713125,64.286875,3.997291667,11.65229167,22.58958333,32.00708333,5.456875,19.549375,3.368194444,13.20972222,3.864583333,1.907083334,7.021944443,26.83333333,50.75
6,heifer,G18,13,4300,30,11.02564103,35.713125,64.286875,3.997291667,11.65229167,22.58958333,32.00708333,5.456875,19.549375,3.368194444,13.20972222,3.864583333,1.907083334,7.021944443,26.83333333,50.75
6,heifer,H29,13,3544,30,9.087179487,35.713125,64.286875,3.997291667,11.65229167,22.58958333,32.00708333,5.456875,19.549375,3.368194444,13.20972222,3.864583333,1.907083334,7.021944443,26.83333333,50.75
6,heifer,H30,12,3267,30,9.075,42.6175,57.3825,3.997291667,9.53638889,28.884375,38.010625,5.456875,19.549375,1.552291667,2.314583334,3.796875,1.907083334,7.532916665,26.83333333,41.66666667
6,heifer,H31,11,4444,30,13.46666667,34.213125,65.786875,4.731527778,7.902291668,38.25625,52.34041667,5.304583333,14.36625,1.552291667,2.314583334,3.796875,1.907083334,7.78861111,32.125,46.25
6,heifer,H32,12,3339,30,9.275,34.213125,65.786875,4.731527778,7.902291668,38.25625,52.34041667,5.304583333,14.36625,1.552291667,2.314583334,3.796875,1.907083334,7.78861111,32.125,46.25
6,heifer,H33,44,24427,30,18.50530303,27.3705,72.6295,3.548645833,6.321833334,28.6921875,39.2553125,3.9784375,10.7746875,1.034861111,1.543055556,2.53125,1.271388889,5.841458333,25.7,37
6,heifer,Super Hutch,5,2418,30,16.12,35.713125,64.286875,3.997291667,11.65229167,22.58958333,32.00708333,5.456875,19.549375,3.368194444,13.20972222,3.864583333,1.907083334,7.021944443,26.83333333,50.75
7,heifer,G11,12,3044,31,8.182795699,35.713125,64.286875,3.997291667,11.65229167,22.58958333,32.00708333,5.456875,19.549375,3.368194444,13.20972222,3.864583333,1.907083334,7.021944443,26.83333333,50.75
7,heifer,G12,17,6985,31,13.25426945,35.713125,64.286875,3.997291667,11.65229167,22.58958333,32.00708333,5.456875,19.549375,3.368194444,13.20972222,3.864583333,1.907083334,7.021944443,26.83333333,50.75
7,heifer,G18,10,1680,31,5.419354839,35.713125,64.286875,3.997291667,11.65229167,22.58958333,32.00708333,5.456875,19.549375,3.368194444,13.20972222,3.864583333,1.907083334,7.021944443,26.83333333,50.75
7,heifer,H31,12,4848,31,13.03225806,34.213125,65.786875,4.731527778,7.902291668,38.25625,52.34041667,5.304583333,14.36625,1.552291667,2.314583334,3.796875,1.907083334,7.78861111,32.125,46.25
7,heifer,H33,45,24088,31,17.26738351,27.3705,72.6295,3.548645833,6.321833334,28.6921875,39.2553125,3.9784375,10.7746875,1.034861111,1.543055556,2.53125,1.271388889,5.841458333,25.7,37
7,heifer,Super Hutch,2,2327,31,37.53225806,35.713125,64.286875,3.997291667,11.65229167,22.58958333,32.00708333,5.456875,19.549375,3.368194444,13.20972222,3.864583333,1.907083334,7.021944443,26.83333333,50.75
7,heifer,W36,42,11548,31,8.869431644,27.7705,72.2295,4.731527778,6.321833334,38.25625,52.34041667,5.304583333,14.36625,1.552291667,2.314583334,3.796875,1.907083334,7.78861111,25.7,37
8,heifer,G11,14,3586,31,8.262672811,35.713125,64.286875,3.997291667,11.65229167,22.58958333,32.00708333,5.456875,19.549375,3.368194444,13.20972222,3.864583333,1.907083334,7.021944443,26.83333333,50.75
8,heifer,G12,13,5103,31,12.66253102,35.713125,64.286875,3.997291667,11.65229167,22.58958333,32.00708333,5.456875,19.549375,3.368194444,13.20972222,3.864583333,1.907083334,7.021944443,26.83333333,50.75
8,heifer,G17,18,5646,31,10.11827957,35.713125,64.286875,3.997291667,11.65229167,22.58958333,32.00708333,5.456875,19.549375,3.368194444,13.20972222,3.864583333,1.907083334,7.021944443,26.83333333,50.75
8,heifer,G18,14,4082,31,9.405529954,35.713125,64.286875,3.997291667,11.65229167,22.58958333,32.00708333,5.456875,19.549375,3.368194444,13.20972222,3.864583333,1.907083334,7.021944443,26.83333333,50.75
8,heifer,H29,7,3576,31,16.47926267,34.213125,65.786875,4.731527778,7.902291668,38.25625,52.34041667,5.304583333,14.36625,1.552291667,2.314583334,3.796875,1.907083334,7.78861111,32.125,46.25
8,heifer,H30,10,4725,31,15.24193548,34.213125,65.786875,4.731527778,7.902291668,38.25625,52.34041667,5.304583333,14.36625,1.552291667,2.314583334,3.796875,1.907083334,7.78861111,32.125,46.25
8,heifer,H31,10,4654,31,15.01290323,34.213125,65.786875,4.731527778,7.902291668,38.25625,52.34041667,5.304583333,14.36625,1.552291667,2.314583334,3.796875,1.907083334,7.78861111,32.125,46.25
8,heifer,H32,11,4709,31,13.80938416,34.213125,65.786875,4.731527778,7.902291668,38.25625,52.34041667,5.304583333,14.36625,1.552291667,2.314583334,3.796875,1.907083334,7.78861111,32.125,46.25
8,heifer,H33,37,19031,31,16.59197908,27.3705,72.6295,3.548645833,6.321833334,28.6921875,39.2553125,3.9784375,10.7746875,1.034861111,1.543055556,2.53125,1.271388889,5.841458333,25.7,37
8,heifer,Super Hutch,34,2350,31,2.229601518,35.713125,64.286875,3.997291667,11.65229167,22.58958333,32.00708333,5.456875,19.549375,3.368194444,13.20972222,3.864583333,1.907083334,7.021944443,26.83333333,50.75
8,heifer,W36,42,17288,31,13.27803379,42.6175,57.3825,3.997291667,9.53638889,28.884375,38.010625,5.456875,19.549375,1.552291667,2.314583334,3.796875,1.907083334,7.532916665,26.83333333,41.66666667
9,heifer,G11,13,3431,30,8.797435897,40.31708333,59.68291667,3.911527778,17.51319445,19.24975,28.48625,4.507916667,13.60958333,2.741145833,19.17729167,3.8284375,2.041388889,6.531166666,31.86,63.5
9,heifer,G12,20,6717,30,11.195,40.31708333,59.68291667,3.911527778,17.51319445,19.24975,28.48625,4.507916667,13.60958333,2.741145833,19.17729167,3.8284375,2.041388889,6.531166666,31.86,63.5
9,heifer,G17,20,7858,30,13.09666667,35.713125,64.286875,3.997291667,11.65229167,22.58958333,32.00708333,5.456875,19.549375,3.368194444,13.20972222,3.864583333,1.907083334,7.021944443,26.83333333,50.75
9,heifer,G18,12,1203,30,3.341666667,40.31708333,59.68291667,3.911527778,17.51319445,19.24975,28.48625,4.507916667,13.60958333,2.741145833,19.17729167,3.8284375,2.041388889,6.531166666,31.86,63.5
9,heifer,H29,7,3852,30,18.34285714,36.4755,63.5245,4.609895833,14.86060606,24.58763889,35.10930556,4.80075,7.123392857,1.314270833,1.955833333,2.13725,0.992333333,6.327916666,29.01818182,56.73636364
9,heifer,H30,12,6599,30,18.33055556,28.9265,71.0735,4.731527778,10.60183333,38.1946875,52.2653125,5.304583333,14.36625,1.552291667,1.579722222,3.796875,1.907083334,7.091458333,33.7,46.25
9,heifer,H31,10,5951,30,19.83666667,28.9265,71.0735,4.731527778,10.60183333,38.1946875,52.2653125,5.304583333,14.36625,1.552291667,1.579722222,3.796875,1.907083334,7.091458333,33.7,46.25
9,heifer,H32,14,7187,30,17.11190476,28.9265,71.0735,4.731527778,10.60183333,38.1946875,52.2653125,5.304583333,14.36625,1.552291667,1.579722222,3.796875,1.907083334,7.091458333,33.7,46.25
9,heifer,H33,38,22260,30,19.52631579,28.9265,71.0735,4.731527778,10.60183333,38.1946875,52.2653125,5.304583333,14.36625,1.552291667,1.579722222,3.796875,1.907083334,7.091458333,33.7,46.25
9,heifer,Super Hutch,39,1117,30,0.954700855,40.31708333,59.68291667,3.911527778,17.51319445,19.24975,28.48625,4.507916667,13.60958333,2.741145833,19.17729167,3.8284375,2.041388889,6.531166666,31.86,63.5
9,heifer,W36,31,13131,30,14.11935484,33.908125,66.091875,3.997291667,12.50229167,31.92625,42.68708333,5.456875,19.549375,1.552291667,1.579722222,3.796875,1.907083334,6.68861111,30.125,41.66666667
10,heifer,G11,15,4490,31,9.655913978,40.31708333,59.68291667,3.911527778,17.51319445,19.24975,28.48625,4.507916667,13.60958333,2.741145833,19.17729167,3.8284375,2.041388889,6.531166666,31.86,63.5
10,heifer,G12,20,8181,31,13.19516129,40.31708333,59.68291667,3.911527778,17.51319445,19.24975,28.48625,4.507916667,13.60958333,2.741145833,19.17729167,3.8284375,2.041388889,6.531166666,31.86,63.5
10,heifer,G17,20,8604,31,13.87741935,42.6175,57.3825,3.997291667,9.53638889,28.884375,38.010625,5.456875,19.549375,1.552291667,2.314583334,3.796875,1.907083334,7.532916665,26.83333333,41.66666667
10,heifer,G18,12,4481,31,12.04569892,40.31708333,59.68291667,3.911527778,17.51319445,19.24975,28.48625,4.507916667,13.60958333,2.741145833,19.17729167,3.8284375,2.041388889,6.531166666,31.86,63.5
10,heifer,H29,5,3155,31,20.35483871,33.32678571,66.67321429,4.727083333,16.6228125,21.37803571,31.25482143,3.9246875,7.974583333,1.005416667,1.720625,1.7021875,0.86375,5.69125,29.8375,56.7625
10,heifer,H30,14,8916,31,20.5437788,28.9265,71.0735,4.731527778,10.60183333,38.1946875,52.2653125,5.304583333,14.36625,1.552291667,1.579722222,3.796875,1.907083334,7.091458333,33.7,46.25
10,heifer,H31,9,5242,31,18.78853047,28.9265,71.0735,4.731527778,10.60183333,38.1946875,52.2653125,5.304583333,14.36625,1.552291667,1.579722222,3.796875,1.907083334,7.091458333,33.7,46.25
10,heifer,H32,13,7140,31,17.71712159,28.9265,71.0735,4.731527778,10.60183333,38.1946875,52.2653125,5.304583333,14.36625,1.552291667,1.579722222,3.796875,1.907083334,7.091458333,33.7,46.25
10,heifer,H33,43,25023,31,18.77194299,28.9265,71.0735,4.731527778,10.60183333,38.1946875,52.2653125,5.304583333,14.36625,1.552291667,1.579722222,3.796875,1.907083334,7.091458333,33.7,46.25
10,heifer,Super Hutch,29,1764,31,1.9621802,40.31708333,59.68291667,3.911527778,17.51319445,19.24975,28.48625,4.507916667,13.60958333,2.741145833,19.17729167,3.8284375,2.041388889,6.531166666,31.86,63.5
10,heifer,W36,25,10590,31,13.66451613,33.908125,66.091875,3.997291667,12.50229167,31.92625,42.68708333,5.456875,19.549375,1.552291667,1.579722222,3.796875,1.907083334,6.68861111,30.125,41.66666667
11,heifer,G11,15,4053,30,9.006666667,35.957,64.043,4.079861111,12.40733333,27.1721875,38.3259375,6.334583333,13.45458333,3.064270833,10.59729167,3.6715625,1.653888889,7.330833333,31,57.6
11,heifer,G12,20,7878,30,13.13,35.957,64.043,4.079861111,12.40733333,27.1721875,38.3259375,6.334583333,13.45458333,3.064270833,10.59729167,3.6715625,1.653888889,7.330833333,31,57.6
11,heifer,G17,19,7171,30,12.58070175,42.6175,57.3825,3.997291667,9.53638889,28.884375,38.010625,5.456875,19.549375,1.552291667,2.314583334,3.796875,1.907083334,7.532916665,26.83333333,41.66666667
11,heifer,G18,15,5111,30,11.35777778,35.957,64.043,4.079861111,12.40733333,27.1721875,38.3259375,6.334583333,13.45458333,3.064270833,10.59729167,3.6715625,1.653888889,7.330833333,31,57.6
11,heifer,H29,12,7793,30,21.64722222,30.6609375,69.3390625,4.727083333,19.22027778,20.08078125,29.22296875,3.9246875,7.974583333,1.005416667,1.720625,1.7021875,0.86375,5.5925,30.83333333,59.9
11,heifer,H30,11,5777,30,17.50606061,28.9265,71.0735,4.731527778,10.60183333,38.1946875,52.2653125,5.304583333,14.36625,1.552291667,1.579722222,3.796875,1.907083334,7.091458333,33.7,46.25
11,heifer,H31,7,1781,30,8.480952381,28.9265,71.0735,4.731527778,10.60183333,38.1946875,52.2653125,5.304583333,14.36625,1.552291667,1.579722222,3.796875,1.907083334,7.091458333,33.7,46.25
11,heifer,H32,12,7039,30,19.55277778,28.9265,71.0735,4.731527778,10.60183333,38.1946875,52.2653125,5.304583333,14.36625,1.552291667,1.579722222,3.796875,1.907083334,7.091458333,33.7,46.25
11,heifer,H33,46,27393,30,19.85,28.9265,71.0735,4.731527778,10.60183333,38.1946875,52.2653125,5.304583333,14.36625,1.552291667,1.579722222,3.796875,1.907083334,7.091458333,33.7,46.25
11,heifer,Super Hutch,29,2457,30,2.824137931,35.957,64.043,4.079861111,12.40733333,27.1721875,38.3259375,6.334583333,13.45458333,3.064270833,10.59729167,3.6715625,1.653888889,7.330833333,31,57.6
11,heifer,W36,19,2537,30,4.450877193,33.908125,66.091875,3.997291667,12.50229167,31.92625,42.68708333,5.456875,19.549375,1.552291667,1.579722222,3.796875,1.907083334,6.68861111,30.125,41.66666667
11,heifer,Water Shed,24,11756,30,16.32777778,24.43875,75.56125,4.731527778,8.834861112,38.1946875,52.2653125,5.304583333,14.36625,1.552291667,1.579722222,3.796875,1.907083334,7.091458333,28.08333333,37
12,heifer,G11,15,3471,31,7.464516129,35.957,64.043,4.079861111,12.40733333,27.1721875,38.3259375,6.334583333,13.45458333,3.064270833,10.59729167,3.6715625,1.653888889,7.330833333,31,57.6
12,heifer,G12,19,6606,31,11.21561969,35.957,64.043,4.079861111,12.40733333,27.1721875,38.3259375,6.334583333,13.45458333,3.064270833,10.59729167,3.6715625,1.653888889,7.330833333,31,57.6
12,heifer,G17,19,6897,31,11.70967742,37.495625,62.504375,3.997291667,12.12229167,32.70291667,44.24375,5.65125,13.50625,1.681527778,2.376388889,3.734583333,1.628055556,10.61194444,32.625,52.5
12,heifer,G18,17,5146,31,9.764705882,35.957,64.043,4.079861111,12.40733333,27.1721875,38.3259375,6.334583333,13.45458333,3.064270833,10.59729167,3.6715625,1.653888889,7.330833333,31,57.6
12,heifer,H29,10,6288,31,20.28387097,31.8885,68.1115,4.609895833,15.84969697,24.84763889,34.85486111,5.007291667,6.41046875,1.439416667,2.046527778,2.382708333,1.005277778,7.674166666,29.92727273,56.73636364
12,heifer,H30,14,7500,31,17.28110599,31.7965,68.2035,4.731527778,10.29783333,38.7771875,53.4328125,5.4884375,11.1296875,1.681527778,2.376388889,3.734583333,1.628055556,10.03395833,35.7,54
12,heifer,H32,29,14486,31,16.1134594,31.7965,68.2035,4.731527778,10.29783333,38.7771875,53.4328125,5.4884375,11.1296875,1.681527778,2.376388889,3.734583333,1.628055556,10.03395833,35.7,54
12,heifer,H33,38,23925,31,20.3098472,31.7965,68.2035,4.731527778,10.29783333,38.7771875,53.4328125,5.4884375,11.1296875,1.681527778,2.376388889,3.734583333,1.628055556,10.03395833,35.7,54
12,heifer,Super Hutch,30,2883,31,3.1,35.957,64.043,4.079861111,12.40733333,27.1721875,38.3259375,6.334583333,13.45458333,3.064270833,10.59729167,3.6715625,1.653888889,7.330833333,31,57.6
12,heifer,Water Shed,25,5916,31,7.633548387,34.213125,65.786875,4.731527778,7.902291668,38.25625,52.34041667,5.304583333,14.36625,1.552291667,2.314583334,3.796875,1.907083334,7.78861111,32.125,46.25
1,dairy,KFK,99,181604,31,59.17367221,49.09341462,50.85199814,3.521753546,11.4495187,19.93322202,29.09659001,2.67813071,34.73468695,1.054007032,1.715761311,3.385820886,2.205605941,4.802417801,39.52324485,85
2,dairy,KFK,99,160700,28,33.17506193,49.58585306,50.35864486,3.54481039,10.82196568,19.96442151,29.3371822,2.613010887,35.5299906,1.039995051,1.692766034,3.41431908,2.236873711,4.679882868,39.38451202,85
3,dairy,KFK,99,307744,31,101.2982225,49.08166727,50.86376733,3.521203514,11.46448929,19.93247774,29.09085056,2.679684175,34.71571459,1.054341295,1.716309875,3.385141047,2.204860033,4.805340931,39.52655439,85
4,dairy,KFK,99,171389,30,24.10534459,45.96780469,53.9906523,3.52815974,14.7737364,20.24196952,29.47843402,3.067912443,31.9411511,1.129346724,1.771130008,3.36844275,2.156777032,5.239496098,40.37724426,83.31223629
5,dairy,KFK,99,165735,31,54.55398288,45.28931325,54.66316675,3.34363875,16.29738425,19.692205,27.23800825,3.18118325,28.59094288,1.16225,1.8934005,3.1656715,1.9640615,5.74900375,40.59496,85
6,dairy,KFK,99,160481,30,54.58537415,45.28931325,54.66316675,3.34363875,16.29738425,19.692205,27.23800825,3.18118325,28.59094288,1.16225,1.8934005,3.1656715,1.9640615,5.74900375,40.59496,85
7,dairy,KFK,99,169600,31,14.24731183,45.83231597,54.13673498,3.579114835,11.22926106,24.59679668,36.15248257,2.783018093,31.35448994,1.056085352,1.734547243,2.931164828,2.288111352,4.889250504,38.84314776,79.984375
8,dairy,KFK,99,170970,31,21.71323343,44.96162698,55.01754892,3.667991614,10.38686886,26.80007273,39.73666396,2.733980828,30.72905099,1.03275606,1.70455281,2.716403978,2.414852101,4.78464253,38.3974137,77.77165354
9,dairy,KFK,99,154765,30,16.42940552,45.02424219,54.94983259,3.578720183,11.51626671,25.44188144,37.3483858,2.872290856,30.24677097,1.068396594,1.756529238,2.817742517,2.290781294,4.968915374,38.81732701,79.15286624
10,dairy,KFK,99,136412,31,44.90190915,45.28931325,54.66316675,3.34363875,16.29738425,19.692205,27.23800825,3.18118325,28.59094288,1.16225,1.8934005,3.1656715,1.9640615,5.74900375,40.59496,85
11,dairy,KFK,99,147204,30,36.89323308,42.45713182,57.50772813,3.444243488,17.38751496,19.13382688,27.30805514,3.391895449,28.65513688,1.194455015,1.932195613,3.260217319,2.032733277,5.707277611,39.3782412,79.92481203
12,dairy,KFK,99,153468,31,50.51612903,45.28931325,54.66316675,3.34363875,16.29738425,19.692205,27.23800825,3.18118325,28.59094288,1.16225,1.8934005,3.1656715,1.9640615,5.74900375,40.59496,85
1,dairy,E10,72,114695,31,25.69301299,37.80394333,61.88183567,3.349513776,11.40149378,23.95655913,33.14047231,3.411521875,21.35521578,1.084579529,1.731403108,2.911389638,1.704560758,5.779933378,34.11127167,65
2,dairy,E10,72,97069,28,44.44531136,45.25387129,54.16968379,3.227422897,14.93231793,21.37035352,29.83152942,3.080369077,27.30971571,1.10155184,1.80587141,3.067278558,1.884524641,5.74445107,40.08273538,85
3,dairy,E10,72,202667,31,78.74502138,45.25600635,54.19941168,3.234423852,15.01455084,21.26926024,29.67529321,3.08644222,27.38689807,1.105208355,1.811144247,3.073205843,1.889316018,5.744725328,40.11359229,85
4,dairy,E10,72,112073,30,23.34827917,43.5009,56.21042017,3.477362763,16.66884497,21.33641804,31.17152958,3.407563713,28.89996164,1.16446435,1.765347153,3.306295209,2.074447972,5.556717221,40.7950355,81.875
5,dairy,E10,72,123573,31,29.30542457,43.18529766,56.48346489,3.507639898,16.73439686,21.62657328,31.86568041,3.464158828,28.96389655,1.164965712,1.74095604,3.338134539,2.099441135,5.522784304,40.83034294,81.32352941
6,dairy,E10,72,103527,30,17.59955272,37.10842835,62.7105822,3.485248385,17.50529534,21.77919668,31.14103432,3.427463281,23.17632477,1.140550829,1.732898906,2.798873592,1.912225041,5.483579643,38.20892429,79.47959184
7,dairy,E10,72,109629,31,36.8377957,36.43878653,63.63581281,3.309381486,18.08973119,22.54158499,31.57309679,3.122728792,23.25496984,1.13919094,1.849622157,2.57250214,1.947324917,5.651311681,38.59569083,85.33333333
8,dairy,E10,72,121806,31,42.7083871,40.78171753,59.29199308,3.312807213,17.0681877,21.22923695,29.63566694,3.128574238,25.84960101,1.141496846,1.853999992,2.857654095,1.948998575,5.657803819,39.5081087,85.17391304
9,dairy,E10,72,90739,30,41.73643519,45.28931325,54.66316675,3.34363875,16.29738425,19.692205,27.23800825,3.18118325,28.59094288,1.16225,1.8934005,3.1656715,1.9640615,5.74900375,40.59496,85
10,dairy,E10,72,143999,31,64.48602151,45.28931325,54.66316675,3.34363875,16.29738425,19.692205,27.23800825,3.18118325,28.59094288,1.16225,1.8934005,3.1656715,1.9640615,5.74900375,40.59496,85
11,dairy,E10,72,135443,30,62.6716713,45.28931325,54.66316675,3.34363875,16.29738425,19.692205,27.23800825,3.18118325,28.59094288,1.16225,1.8934005,3.1656715,1.9640615,5.74900375,40.59496,85
12,dairy,E10,72,128556,31,23.01604839,36.80279474,63.17797503,3.65355746,17.56285648,19.75762585,27.65473487,4.019596,26.19375264,1.287287698,2.050117932,3.459342048,2.103729587,6.12975327,36.802984,69.23333333